BEGIN TRANSACTION;

INSERT INTO project (id, name, description, user_id, created, updated) VALUES ('ae3535e7-e6fa-47ef-b9c2-550ee833f4db', 'Project A', 'A nice one ', '61cd6899-19e8-44a0-97db-b86f1a9b7af4', '2019-12-16 19:10:29.492355', '2019-12-16 19:10:29.492358');
INSERT INTO project (id, name, description, user_id, created, updated) VALUES ('2d67fcf3-7cff-44dd-94f4-4128fbca0e82', 'Project B', 'Some suspicious project', '61cd6899-19e8-44a0-97db-b86f1a9b7af4', '2019-12-16 19:14:28.353617', '2019-12-16 19:14:28.353620');

INSERT INTO workflow_def (id, project_id, name, description, we_id, we_name, yml, created, updated) VALUES ('da0080df-4c95-47f6-a9d2-48a208a92c9c', 'ae3535e7-e6fa-47ef-b9c2-550ee833f4db', 'White Maps', 'Main workflow', 5555, 'testae3535e7-e6fa-47ef-b9c2-550ee833f4db', 'aaa', '2019-12-16 19:10:29.623069', '2019-12-16 19:10:29.623069');
INSERT INTO workflow_def (id, project_id, name, description, we_id, we_name, yml, created, updated) VALUES ('df7fdeb4-4602-45eb-906b-461eb2647124', '2d67fcf3-7cff-44dd-94f4-4128fbca0e82', 'Test', 'Some experimental workflow', 8208, 'test2d67fcf3-7cff-44dd-94f4-4128fbca0e82', 'aaa', '2019-12-16 19:14:28.467817', '2019-12-16 19:14:28.467817');

INSERT INTO vector_layer (id, external_id, name) VALUES ('b8853270-fc56-478c-8ba0-7227897a0985', '41700ff1-c76a-4dff-800e-29284d1cd1a6', 'Main vector layer');
INSERT INTO vector_layer (id, external_id, name) VALUES ('b33de484-af1f-4d52-ae46-efdad5cf3954', '21a1c544-d5f6-41c0-814b-d836c1f34ec9', 'Main vector layer');

INSERT INTO raster_layer (id, uri) VALUES ('690bdd37-eec7-412d-b2f9-0d43f2f02ce7', 'Main raster layer');
INSERT INTO raster_layer (id, uri) VALUES ('73dbf335-9a40-4d6e-a229-dda17f676394', 'Main raster layer');

INSERT INTO processing (id, project_id, vector_layer_id, raster_layer_id, workflow_def_id, name, description, created, updated) VALUES ('c1526a8c-b9fd-4fc0-a5f2-cb5ca943c721', 'ae3535e7-e6fa-47ef-b9c2-550ee833f4db', 'b8853270-fc56-478c-8ba0-7227897a0985', '690bdd37-eec7-412d-b2f9-0d43f2f02ce7', 'da0080df-4c95-47f6-a9d2-48a208a92c9c', 'Processing', 'Huge processing', '2019-12-16 19:10:29.635932', '2019-12-16 19:10:29.635936');
INSERT INTO processing (id, project_id, vector_layer_id, raster_layer_id, workflow_def_id, name, description, created, updated) VALUES ('58eac08e-f07f-41ba-9885-e1b1483e1855', '2d67fcf3-7cff-44dd-94f4-4128fbca0e82', 'b33de484-af1f-4d52-ae46-efdad5cf3954', '73dbf335-9a40-4d6e-a229-dda17f676394', 'df7fdeb4-4602-45eb-906b-461eb2647124', 'Processing A', 'The processing', '2019-12-16 19:14:28.478546', '2019-12-16 19:14:28.478549');
INSERT INTO processing (id, project_id, vector_layer_id, raster_layer_id, workflow_def_id, name, description, created, updated) VALUES ('01674998-6837-4e24-ae96-626dbb38f34b', '2d67fcf3-7cff-44dd-94f4-4128fbca0e82', 'b33de484-af1f-4d52-ae46-efdad5cf3954', '73dbf335-9a40-4d6e-a229-dda17f676394', 'df7fdeb4-4602-45eb-906b-461eb2647124', 'test', null, '2019-12-16 19:14:28.858425', '2019-12-16 19:14:28.858429');

INSERT INTO aoi (id, processing_id, geometry, area, status, percent_completed) VALUES ('b9dc16ac-1b27-4e73-811b-3c9ef215852e', 'c1526a8c-b9fd-4fc0-a5f2-cb5ca943c721', '0103000020E6100000010000000500000084C0B61EDCD24240FAB054F13FD94B4084C0B61EDCD24240CB760E0E6FD94B40AC2D7752FBD24240CB760E0E6FD94B40AC2D7752FBD24240FAB054F13FD94B4084C0B61EDCD24240FAB054F13FD94B40', 30104, 2, 100);
INSERT INTO aoi (id, processing_id, geometry, area, status, percent_completed) VALUES ('1b7b2174-2d2d-48c5-9bc2-9a689634d53c', 'c1526a8c-b9fd-4fc0-a5f2-cb5ca943c721', '0103000020E610000001000000050000004502FF3B49D24240F897343843D74B404502FF3B49D24240A754232E73D74B40F97913F970D24240A754232E73D74B40F97913F970D24240F897343843D74B404502FF3B49D24240F897343843D74B40', 39015, 2, 100);
INSERT INTO aoi (id, processing_id, geometry, area, status, percent_completed) VALUES ('0a6e5b98-545f-4bc7-8db9-5aa6202e004e', 'c1526a8c-b9fd-4fc0-a5f2-cb5ca943c721', '0103000020E610000001000000050000003AD43634F5D94240F19F5E7B97DE4B403AD43634F5D94240C5D9B2469EDE4B403A2DEDCAF5D94240C5D9B2469EDE4B403A2DEDCAF5D94240F19F5E7B97DE4B403AD43634F5D94240F19F5E7B97DE4B40', 82, 2, 100);
INSERT INTO aoi (id, processing_id, geometry, area, status, percent_completed) VALUES ('6f01aec1-bc4b-45c9-b180-bf6a56e5d2b2', 'c1526a8c-b9fd-4fc0-a5f2-cb5ca943c721', '0103000020E61000000100000005000000F86B47AE54C54240677E5CCA3DDB4B40F86B47AE54C542409B6F96E36BDB4B400FC86121CAC542409B6F96E36BDB4B400FC86121CAC54240677E5CCA3DDB4B40F86B47AE54C54240677E5CCA3DDB4B40', 110922, 2, 100);
INSERT INTO aoi (id, processing_id, geometry, area, status, percent_completed) VALUES ('0edbe002-9d9f-4705-84d9-68c79b534855', 'c1526a8c-b9fd-4fc0-a5f2-cb5ca943c721', '0103000020E6100000010000000500000043AB3FE9A1C34240832DF57C10E44B4043AB3FE9A1C342407F33D6A728E44B40C8EDE0BCA5C342407F33D6A728E44B40C8EDE0BCA5C34240832DF57C10E44B4043AB3FE9A1C34240832DF57C10E44B40', 1898, 2, 100);
INSERT INTO aoi (id, processing_id, geometry, area, status, percent_completed) VALUES ('a60e364f-60ad-40eb-bfed-5038aa1f3432', 'c1526a8c-b9fd-4fc0-a5f2-cb5ca943c721', '0103000020E61000000100000005000000BE58DB8628C54240DBA006D9D0DC4B40BE58DB8628C542404288B4570FDD4B40F8004DE1B7C542404288B4570FDD4B40F8004DE1B7C54240DBA006D9D0DC4B40BE58DB8628C54240DBA006D9D0DC4B40', 183599, 2, 100);
INSERT INTO aoi (id, processing_id, geometry, area, status, percent_completed) VALUES ('4e2b3259-cc72-4daa-8547-e070471ab620', '58eac08e-f07f-41ba-9885-e1b1483e1855', '0103000020E61000000100000005000000A4FECB1EA7D542403439AEF640E74B40A4FECB1EA7D542401F7FCAA481E74B40392368821AD642401F7FCAA481E74B40392368821AD642403439AEF640E74B40A4FECB1EA7D542403439AEF640E74B40', 153272, 0, 0);
INSERT INTO aoi (id, processing_id, geometry, area, status, percent_completed) VALUES ('a7fab228-667c-4506-a7f0-a9a53877f0e5', '58eac08e-f07f-41ba-9885-e1b1483e1855', '0103000020E6100000010000000500000083E5DC063BCE42405FDA895429DA4B4083E5DC063BCE42405C48CAA030DA4B4043460DC66CCE42405C48CAA030DA4B4043460DC66CCE42405FDA895429DA4B4083E5DC063BCE42405FDA895429DA4B40', 7436, 0, 0);
INSERT INTO aoi (id, processing_id, geometry, area, status, percent_completed) VALUES ('850552be-bd26-4036-a6a2-6ef35b7827a9', '58eac08e-f07f-41ba-9885-e1b1483e1855', '0103000020E61000000100000005000000D17B0A3162CB4240367BD453ADE94B40D17B0A3162CB424084744419B5E94B40B2CFDB40ADCB424084744419B5E94B40B2CFDB40ADCB4240367BD453ADE94B40D17B0A3162CB4240367BD453ADE94B40', 11985, 0, 0);
INSERT INTO aoi (id, processing_id, geometry, area, status, percent_completed) VALUES ('f4938a88-78e6-4aa3-a809-825bfe50d41f', '58eac08e-f07f-41ba-9885-e1b1483e1855', '0103000020E610000001000000050000001A3165AD27D242404629414AB0DD4B401A3165AD27D24240A673FC8ADCDD4B40AB036CEC34D24240A673FC8ADCDD4B40AB036CEC34D242404629414AB0DD4B401A3165AD27D242404629414AB0DD4B40', 12015, 0, 0);
INSERT INTO aoi (id, processing_id, geometry, area, status, percent_completed) VALUES ('7a1728d7-0156-4800-96ff-162483c43731', '58eac08e-f07f-41ba-9885-e1b1483e1855', '0103000020E61000000100000005000000E55FCB1BECD34240FCCB52B171DB4B40E55FCB1BECD342401D5F53227DDB4B4061B22F7B4BD442401D5F53227DDB4B4061B22F7B4BD44240FCCB52B171DB4B40E55FCB1BECD34240FCCB52B171DB4B40', 22356, 0, 0);
INSERT INTO aoi (id, processing_id, geometry, area, status, percent_completed) VALUES ('61b22b6a-7a4d-43c0-81ec-b94e9dcaeb22', '58eac08e-f07f-41ba-9885-e1b1483e1855', '0103000020E610000001000000050000001BFF10F6D2C542402EC0BC261CE24B401BFF10F6D2C542400D810D024CE24B40A3A58B24D9C542400D810D024CE24B40A3A58B24D9C542402EC0BC261CE24B401BFF10F6D2C542402EC0BC261CE24B40', 6069, 0, 0);
INSERT INTO aoi (id, processing_id, geometry, area, status, percent_completed) VALUES ('f47df8bf-0e46-4023-9266-a989863f7031', '01674998-6837-4e24-ae96-626dbb38f34b', '0103000020E61000000100000005000000874DFD637ED74240F2964133CBDA4B40874DFD637ED74240AEF4586706DB4B4098F3A8578BD74240AEF4586706DB4B4098F3A8578BD74240F2964133CBDA4B40874DFD637ED74240F2964133CBDA4B40', 15708, 0, 0);
INSERT INTO aoi (id, processing_id, geometry, area, status, percent_completed) VALUES ('20a1ec85-9820-44e5-bcc8-647154001dc3', '01674998-6837-4e24-ae96-626dbb38f34b', '0103000020E61000000100000005000000AC46974A58C94240101B29527DD94B40AC46974A58C94240CF735785BCD94B4040B9C680CAC94240CF735785BCD94B4040B9C680CAC94240101B29527DD94B40AC46974A58C94240101B29527DD94B40', 147828, 0, 0);
INSERT INTO aoi (id, processing_id, geometry, area, status, percent_completed) VALUES ('743510c3-40ad-4106-a1a1-5cab68d80446', '01674998-6837-4e24-ae96-626dbb38f34b', '0103000020E61000000100000005000000197C4FF90BC5424054F7B8BDACE44B40197C4FF90BC542405C416D5200E54B4041E90F2D2BC542405C416D5200E54B4041E90F2D2BC5424054F7B8BDACE44B40197C4FF90BC5424054F7B8BDACE44B40', 53530, 0, 0);
INSERT INTO aoi (id, processing_id, geometry, area, status, percent_completed) VALUES ('44623e4f-0368-4035-a028-1b7b25cdd102', '01674998-6837-4e24-ae96-626dbb38f34b', '0103000020E610000001000000050000000DEC73F1CFD44240CE9BBC39F1E64B400DEC73F1CFD4424094902BAE0DE74B40DD99990D0ED5424094902BAE0DE74B40DD99990D0ED54240CE9BBC39F1E64B400DEC73F1CFD44240CE9BBC39F1E64B40', 36292, 0, 0);
INSERT INTO aoi (id, processing_id, geometry, area, status, percent_completed) VALUES ('41278a2b-13e1-4482-b26c-42514047ee3a', '01674998-6837-4e24-ae96-626dbb38f34b', '0103000020E610000001000000050000001F7DBC8BF3D7424044966118B4E74B401F7DBC8BF3D74240705E8E5BD3E74B400C61F30648D84240705E8E5BD3E74B400C61F30648D8424044966118B4E74B401F7DBC8BF3D7424044966118B4E74B40', 54243, 0, 0);
INSERT INTO aoi (id, processing_id, geometry, area, status, percent_completed) VALUES ('624af06c-a8e8-4701-b7e2-62c33dc5a068', '01674998-6837-4e24-ae96-626dbb38f34b', '0103000020E61000000100000005000000367930DF0CC242403A0D929CD7DE4B40367930DF0CC24240B9C8C8F110DF4B40FA96F08F41C24240B9C8C8F110DF4B40FA96F08F41C242403A0D929CD7DE4B40367930DF0CC242403A0D929CD7DE4B40', 61934, 0, 0);

INSERT INTO workflow (id, aoi_id, workflow_def_id, external_id, geometry, area, status) VALUES ('ed69e888-c6cd-406e-9eef-ffbba8aa7abc', 'b9dc16ac-1b27-4e73-811b-3c9ef215852e', 'da0080df-4c95-47f6-a9d2-48a208a92c9c', '1201217526216073159', '0103000020E6100000010000000500000084C0B61EDCD24240FAB054F13FD94B4084C0B61EDCD2424017C6BF7F57D94B40AC2D7752FBD2424017C6BF7F57D94B40AC2D7752FBD24240FAB054F13FD94B4084C0B61EDCD24240FAB054F13FD94B40', 15052, 2);
INSERT INTO workflow (id, aoi_id, workflow_def_id, external_id, geometry, area, status) VALUES ('f951554f-1682-4de6-982a-4028eb34bcdc', 'b9dc16ac-1b27-4e73-811b-3c9ef215852e', 'da0080df-4c95-47f6-a9d2-48a208a92c9c', '8216763781399556038', '0103000020E6100000010000000500000084C0B61EDCD2424017C6BF7F57D94B4084C0B61EDCD24240CB760E0E6FD94B40AC2D7752FBD24240CB760E0E6FD94B40AC2D7752FBD2424017C6BF7F57D94B4084C0B61EDCD2424017C6BF7F57D94B40', 15052, 2);
INSERT INTO workflow (id, aoi_id, workflow_def_id, external_id, geometry, area, status) VALUES ('bbb43c4e-f4a0-4a38-a210-83013b6f1052', '1b7b2174-2d2d-48c5-9bc2-9a689634d53c', 'da0080df-4c95-47f6-a9d2-48a208a92c9c', '1896730453497500189', '0103000020E610000001000000050000004502FF3B49D24240F897343843D74B404502FF3B49D2424068AA3A335BD74B40F97913F970D2424068AA3A335BD74B40F97913F970D24240F897343843D74B404502FF3B49D24240F897343843D74B40', 19507, 2);
INSERT INTO workflow (id, aoi_id, workflow_def_id, external_id, geometry, area, status) VALUES ('f7b4de87-6231-47d9-b8fc-7c6af799148e', '1b7b2174-2d2d-48c5-9bc2-9a689634d53c', 'da0080df-4c95-47f6-a9d2-48a208a92c9c', '5501366881445704347', '0103000020E610000001000000050000004502FF3B49D2424068AA3A335BD74B404502FF3B49D24240A754232E73D74B40F97913F970D24240A754232E73D74B40F97913F970D2424068AA3A335BD74B404502FF3B49D2424068AA3A335BD74B40', 19508, 2);
INSERT INTO workflow (id, aoi_id, workflow_def_id, external_id, geometry, area, status) VALUES ('506be0c1-02f8-4543-8b57-eabb34622039', '0a6e5b98-545f-4bc7-8db9-5aa6202e004e', 'da0080df-4c95-47f6-a9d2-48a208a92c9c', '9058131991543292669', '0103000020E610000001000000050000003AD43634F5D94240F19F5E7B97DE4B403AD43634F5D94240C5D9B2469EDE4B403A2DEDCAF5D94240C5D9B2469EDE4B403A2DEDCAF5D94240F19F5E7B97DE4B403AD43634F5D94240F19F5E7B97DE4B40', 82, 2);
INSERT INTO workflow (id, aoi_id, workflow_def_id, external_id, geometry, area, status) VALUES ('72277133-d47d-44b0-b048-1d941762245f', '6f01aec1-bc4b-45c9-b180-bf6a56e5d2b2', 'da0080df-4c95-47f6-a9d2-48a208a92c9c', '5796190524409540251', '0103000020E61000000100000005000000F86B47AE54C54240677E5CCA3DDB4B40F86B47AE54C54240881007D754DB4B40049AD4678FC54240881007D754DB4B40049AD4678FC54240677E5CCA3DDB4B40F86B47AE54C54240677E5CCA3DDB4B40', 27730, 2);
INSERT INTO workflow (id, aoi_id, workflow_def_id, external_id, geometry, area, status) VALUES ('dfc35b53-bbe0-46c8-b06b-f06fed774509', '6f01aec1-bc4b-45c9-b180-bf6a56e5d2b2', 'da0080df-4c95-47f6-a9d2-48a208a92c9c', '6238590226086466068', '0103000020E61000000100000005000000F86B47AE54C54240881007D754DB4B40F86B47AE54C542409B6F96E36BDB4B40049AD4678FC542409B6F96E36BDB4B40049AD4678FC54240881007D754DB4B40F86B47AE54C54240881007D754DB4B40', 27731, 2);
INSERT INTO workflow (id, aoi_id, workflow_def_id, external_id, geometry, area, status) VALUES ('e307837f-59a7-45c5-80e9-636154242a14', '6f01aec1-bc4b-45c9-b180-bf6a56e5d2b2', 'da0080df-4c95-47f6-a9d2-48a208a92c9c', '8553929858126601388', '0103000020E610000001000000050000000FC86121CAC54240881007D754DB4B400FC86121CAC54240677E5CCA3DDB4B40049AD4678FC54240677E5CCA3DDB4B40049AD4678FC54240881007D754DB4B400FC86121CAC54240881007D754DB4B40', 27730, 2);
INSERT INTO workflow (id, aoi_id, workflow_def_id, external_id, geometry, area, status) VALUES ('3f14eb68-5170-42bf-ac37-1f196afcba7f', '6f01aec1-bc4b-45c9-b180-bf6a56e5d2b2', 'da0080df-4c95-47f6-a9d2-48a208a92c9c', '3540507760759347350', '0103000020E61000000100000005000000049AD4678FC542409B6F96E36BDB4B400FC86121CAC542409B6F96E36BDB4B400FC86121CAC54240881007D754DB4B40049AD4678FC54240881007D754DB4B40049AD4678FC542409B6F96E36BDB4B40', 27731, 2);
INSERT INTO workflow (id, aoi_id, workflow_def_id, external_id, geometry, area, status) VALUES ('e9f69e2f-0e54-4949-adf8-e3a8e2d5fc20', '0edbe002-9d9f-4705-84d9-68c79b534855', 'da0080df-4c95-47f6-a9d2-48a208a92c9c', '7210478047817601201', '0103000020E6100000010000000500000043AB3FE9A1C34240832DF57C10E44B4043AB3FE9A1C342407F33D6A728E44B40C8EDE0BCA5C342407F33D6A728E44B40C8EDE0BCA5C34240832DF57C10E44B4043AB3FE9A1C34240832DF57C10E44B40', 1898, 2);
INSERT INTO workflow (id, aoi_id, workflow_def_id, external_id, geometry, area, status) VALUES ('ac77c87d-8ca6-42cb-8db1-2d9d11d5f1f1', 'a60e364f-60ad-40eb-bfed-5038aa1f3432', 'da0080df-4c95-47f6-a9d2-48a208a92c9c', '4023950057520041013', '0103000020E61000000100000005000000BE58DB8628C54240DBA006D9D0DC4B40BE58DB8628C5424027967618F0DC4B40DB2C143470C5424027967618F0DC4B40DB2C143470C54240DBA006D9D0DC4B40BE58DB8628C54240DBA006D9D0DC4B40', 45900, 2);
INSERT INTO workflow (id, aoi_id, workflow_def_id, external_id, geometry, area, status) VALUES ('81ae7f7e-35ce-4b47-9a6e-ac414ef770db', 'a60e364f-60ad-40eb-bfed-5038aa1f3432', 'da0080df-4c95-47f6-a9d2-48a208a92c9c', '928332026624355762', '0103000020E61000000100000005000000BE58DB8628C5424027967618F0DC4B40BE58DB8628C542404288B4570FDD4B40DB2C143470C542404288B4570FDD4B40DB2C143470C5424027967618F0DC4B40BE58DB8628C5424027967618F0DC4B40', 45900, 2);
INSERT INTO workflow (id, aoi_id, workflow_def_id, external_id, geometry, area, status) VALUES ('63d9e359-f4e1-4759-b505-3ac2dff88170', 'a60e364f-60ad-40eb-bfed-5038aa1f3432', 'da0080df-4c95-47f6-a9d2-48a208a92c9c', '3796471645438074235', '0103000020E61000000100000005000000F8004DE1B7C5424027967618F0DC4B40F8004DE1B7C54240DBA006D9D0DC4B40DB2C143470C54240DBA006D9D0DC4B40DB2C143470C5424027967618F0DC4B40F8004DE1B7C5424027967618F0DC4B40', 45900, 2);
INSERT INTO workflow (id, aoi_id, workflow_def_id, external_id, geometry, area, status) VALUES ('8c02163c-9532-48a2-bef6-de4b0327ff91', 'a60e364f-60ad-40eb-bfed-5038aa1f3432', 'da0080df-4c95-47f6-a9d2-48a208a92c9c', '-6530701275622777760', '0103000020E61000000100000005000000DB2C143470C542404288B4570FDD4B40F8004DE1B7C542404288B4570FDD4B40F8004DE1B7C5424027967618F0DC4B40DB2C143470C5424027967618F0DC4B40DB2C143470C542404288B4570FDD4B40', 45899, 2);

COMMIT TRANSACTION;